{
  "timestamp": "20251229_015305",
  "total_steps": 499,
  "total_reward": -133.44823475289422,
  "avg_reward": -0.26689646950578816,
  "agents": [
    "J1_center",
    "J2_center"
  ],
  "final_queues": {
    "J1_center": [
      0.0,
      2.0,
      0.0,
      0.0
    ],
    "J2_center": [
      2.0,
      0.0,
      0.0,
      0.0
    ]
  }
}