{
  "episode": 10,
  "rewards": [
    -6430.479302974823,
    -9762.435309336619,
    -8477.291318845379,
    -7785.749586827681,
    -6471.998197114516,
    -7730.1100818563045,
    -8276.057503282087,
    -8919.398251441642,
    -8950.001384002408,
    -11534.121930177143
  ],
  "lengths": [
    3600,
    3600,
    3600,
    3600,
    3600,
    3600,
    3600,
    3600,
    3600,
    3600
  ],
  "losses": [
    2.376901027490579,
    14.206346940265762,
    61.863563796083135,
    174.4796505837308,
    250.61601137899692,
    283.97169736918477,
    310.56428486539255,
    304.69830670340195,
    289.5598374306824,
    357.00790254397526
  ],
  "timestamp": "2025-12-27T13:39:46.165476"
}