{
  "episode": 5,
  "rewards": [
    -9.084222398513381,
    -4.132977603464952,
    -22.37792727105709,
    -69.23931488431404,
    -237.32672335913787
  ],
  "lengths": [
    3600,
    3600,
    3600,
    3600,
    3600
  ],
  "losses": [
    0.01774474089225502,
    0.001663860608629572,
    0.005895189305237081,
    0.009072645119158552,
    0.02939693484856333
  ],
  "epsilon": {
    "J1_center": 0.1663286396258314,
    "J2_center": 0.1663286396258314
  },
  "timestamp": "2025-12-27T22:09:44.431867"
}