{
  "episode": 20,
  "rewards": [
    -1322.413593061815,
    -1071.6060695303754,
    -1146.238141555208,
    -919.8167069480373,
    -1236.4940750585054,
    -656.725121605103,
    -1189.7636892590715,
    -583.2686831374673,
    -566.0529584798038,
    -710.3823566852229,
    -727.4546808464049,
    -568.5497550779793,
    -966.1783624187981,
    -1048.7586946774766,
    -645.8689590365707,
    -1181.9199211486475,
    -939.3313386193506,
    -712.674464134379,
    -1148.2017760064446,
    -700.271269364941
  ],
  "lengths": [
    3600,
    3600,
    3600,
    3600,
    3600,
    3600,
    3600,
    3600,
    3600,
    3600,
    3600,
    3600,
    3600,
    3600,
    3600,
    3600,
    3600,
    3600,
    3600,
    3600
  ],
  "losses": [
    0.12442240841331012,
    0.3870457058948361,
    0.3698951232143574,
    0.3351675852305359,
    0.31963132249812287,
    0.34055858042505055,
    0.35290010256071885,
    0.34650631880801586,
    0.34110661207698284,
    0.3455296307688372,
    0.3110630847746506,
    0.2829915346422543,
    0.29429911766097777,
    0.29746802184472065,
    0.276004950336905,
    0.2846405583552809,
    0.29284553607667074,
    0.29770876459725615,
    0.31671941456384956,
    0.3151005216030818
  ],
  "timestamp": "2025-12-27T17:43:37.715480"
}