{
  "episode": 100,
  "rewards": [
    1699.89865564331,
    1772.796887906025,
    1769.7562674052003,
    1772.5136537257385,
    1772.285272376901,
    1773.8345421436024,
    1771.1614290190166,
    1776.2233482426022,
    1774.7470729197366,
    1781.0676352613914,
    1774.2200493534112,
    1773.8136353147945,
    1770.0482019860492,
    1773.4282303351256,
    1770.5289157476755,
    1767.6233827110943,
    1756.4911396154941,
    1749.3633066229743,
    1758.3022289106411,
    1745.9271342049663,
    1743.4032383360577,
    1749.8358713093048,
    1773.3669150527396,
    1706.4803129102775,
    1778.983307779305,
    1779.760082791113,
    1777.9748739919287,
    1776.7757784291957,
    1779.827740505141,
    1777.0559774081098,
    1776.7262410048545,
    1773.102195139985,
    1770.5261315135317,
    1773.5566793779547,
    1771.8420929439123,
    1770.0155406242902,
    1775.4477151364113,
    1774.8140452629018,
    1775.3236741090475,
    1776.542284441981,
    1774.4940263877531,
    1778.0522231936773,
    1777.0697916682564,
    1779.5928058989577,
    1774.0791502811712,
    1777.016465818447,
    1702.0086781028367,
    1778.2093649474905,
    1775.678041100762,
    1782.993060161899,
    1778.0953959533272,
    1781.1715189299998,
    1784.4601552361835,
    1781.434382550514,
    1777.417604779684,
    1777.391942817608,
    1781.0494280951216,
    1779.7928782798972,
    1781.5187551586823,
    1781.0532810180175,
    1780.5981232423098,
    1774.3454951193635,
    1780.551402925036,
    1778.5948012423964,
    1781.9040722372745,
    1785.0475814485703,
    1781.7480993213248,
    1779.6945084864249,
    1782.9188994543235,
    1778.4304895974178,
    1783.8135221316006,
    1780.6415561550932,
    1782.0613311443517,
    1777.5316128951365,
    1780.1882384146982,
    1782.0839085626797,
    1781.6407030273876,
    1781.155254366572,
    1785.7344341110447,
    1777.1984816886843,
    1785.0191946088892,
    1782.0146820176533,
    1783.7373258951015,
    1778.8209286078327,
    1781.0148946132533,
    1777.1763597730142,
    1776.751677489011,
    1782.4906114853882,
    1783.8618552222026,
    1783.1441428963121,
    1782.1039770529107,
    1782.8883429344278,
    1779.417954412383,
    1779.374910129252,
    1769.2970506619224,
    1785.2250115835689,
    1784.574472954856,
    1784.914170997232,
    1777.9222965744752,
    1775.739035649491
  ],
  "lengths": [
    1800,
    1800,
    1800,
    1800,
    1800,
    1800,
    1800,
    1800,
    1800,
    1800,
    1800,
    1800,
    1800,
    1800,
    1800,
    1800,
    1800,
    1800,
    1800,
    1800,
    1800,
    1800,
    1800,
    1800,
    1800,
    1800,
    1800,
    1800,
    1800,
    1800,
    1800,
    1800,
    1800,
    1800,
    1800,
    1800,
    1800,
    1800,
    1800,
    1800,
    1800,
    1800,
    1800,
    1800,
    1800,
    1800,
    1800,
    1800,
    1800,
    1800,
    1800,
    1800,
    1800,
    1800,
    1800,
    1800,
    1800,
    1800,
    1800,
    1800,
    1800,
    1800,
    1800,
    1800,
    1800,
    1800,
    1800,
    1800,
    1800,
    1800,
    1800,
    1800,
    1800,
    1800,
    1800,
    1800,
    1800,
    1800,
    1800,
    1800,
    1800,
    1800,
    1800,
    1800,
    1800,
    1800,
    1800,
    1800,
    1800,
    1800,
    1800,
    1800,
    1800,
    1800,
    1800,
    1800,
    1800,
    1800,
    1800,
    1800
  ],
  "losses": [
    1.3575556901759571,
    1.1815760777393978,
    1.3317859818206894,
    1.4303657321135204,
    1.439235084089968,
    1.2818748180733788,
    0.9294597131841712,
    0.5219074528995488,
    0.346612710153891,
    0.25404348197082677,
    0.18420457618104086,
    0.14016703996082974,
    0.10615827706332008,
    0.07936824586604618,
    0.05706749719645207,
    0.041689993369962194,
    0.030236077874433248,
    0.023085540874809442,
    0.017814484799746424,
    0.012950209242602189,
    0.010736711201413224,
    0.009397789277653727,
    0.00837546479222106,
    0.16646947240683302,
    0.1828975272592571,
    0.10113259335643508,
    0.0637748052222499,
    0.031185021585940075,
    0.023670192830419788,
    0.014612929535538164,
    0.01490635480660583,
    0.009883129560168728,
    0.007801962336460646,
    0.009054185917516912,
    0.009098718890228258,
    0.007912814632129287,
    0.006691952304552413,
    0.005620306935290703,
    0.006588453630425243,
    0.005014305102716511,
    0.005348704526145917,
    0.00642865600009423,
    0.0035941199887181735,
    0.005222113027306881,
    0.006147594579896476,
    0.0046912766962891005,
    0.006791703635559922,
    0.007195360675323173,
    0.006918099804833117,
    0.0060452658443682595,
    0.005887810876043255,
    0.004414148998532457,
    0.00302313545797612,
    0.0032189261751045706,
    0.003954519708402384,
    0.0028966587053683825,
    0.002763352075190697,
    0.0035064444585562646,
    0.003524352692822706,
    0.0033463570937156974,
    0.001789031916163771,
    0.0033393096490181053,
    0.0026328569092968082,
    0.0028814058440002556,
    0.0029507373914384517,
    0.002620944951627785,
    0.0032942119266267077,
    0.0026489895932516245,
    0.002977726734380768,
    0.0033214610626439225,
    0.003573634364622396,
    0.003366208529789421,
    0.0028593258302923156,
    0.0028898160391610064,
    0.0022553163148778467,
    0.0013094282362423352,
    0.0009667422466888335,
    0.001151278983791902,
    0.001243241186225027,
    0.0012611810987790603,
    0.00178030662676368,
    0.0010162399863171837,
    0.0014124954138707026,
    0.001505761971463168,
    0.0011375674097548148,
    0.0012070517660928697,
    0.0012910683898715231,
    0.0013193342383803813,
    0.0013397085038579664,
    0.0013173988727167953,
    0.0012081300600705921,
    0.0014933353790557804,
    0.0017130460569609973,
    0.002155568440030038,
    0.0021526251456240666,
    0.0019076449901361532,
    0.00200935653881566,
    0.0017239381290164602,
    0.0016574515689959904,
    0.0015915502364381004
  ],
  "epsilon": {
    "J1_center": 0.16534865092353956,
    "J2_center": 0.16534865092353956
  },
  "timestamp": "2025-12-28T00:04:49.534367"
}