{
  "episode": 10,
  "rewards": [
    -8.296603523776321,
    -41.004306283780195,
    -210.27499215531654,
    -11.422410286561243,
    -5.950338980386326,
    -11.633276607602385,
    -32.63089851989985,
    -11.55646584562592,
    -3.3331097402107495,
    -27.132465956117766
  ],
  "lengths": [
    3600,
    3600,
    3600,
    3600,
    3600,
    3600,
    3600,
    3600,
    3600,
    3600
  ],
  "losses": [
    0.0005648316676307432,
    0.00033431881440770263,
    0.00362697926636934,
    0.004342869420094454,
    0.0035504475444718586,
    0.0026470718700066856,
    0.0021268330442297963,
    0.002364851163102786,
    0.0019192770915105939,
    0.002018878175493026
  ],
  "epsilon": {
    "J1_center": 0.9950112350131176,
    "J2_center": 0.9950112350131176
  },
  "timestamp": "2025-12-27T20:32:49.008910"
}