{
  "episode": 10,
  "rewards": [
    -1322.413593061815,
    -1071.6060695303754,
    -1146.238141555208,
    -919.8167069480373,
    -1236.4940750585054,
    -656.725121605103,
    -1189.7636892590715,
    -583.2686831374673,
    -566.0529584798038,
    -710.3823566852229
  ],
  "lengths": [
    3600,
    3600,
    3600,
    3600,
    3600,
    3600,
    3600,
    3600,
    3600,
    3600
  ],
  "losses": [
    0.12442240841331012,
    0.3870457058948361,
    0.3698951232143574,
    0.3351675852305359,
    0.31963132249812287,
    0.34055858042505055,
    0.35290010256071885,
    0.34650631880801586,
    0.34110661207698284,
    0.3455296307688372
  ],
  "timestamp": "2025-12-27T17:36:11.680464"
}