{
  "episode": 100,
  "rewards": [
    -4892.868085651828,
    -5930.032587234996,
    -6119.442031560419,
    -6675.560415372149,
    -6475.224639404182,
    -4317.6840156498565,
    -3508.539690361261,
    -4686.983006267959,
    -3365.0358995177858,
    -3365.946712121892,
    -4613.478568061488,
    -3142.4063317997425,
    -3729.106496042273,
    -4028.0524858133344,
    -4277.313116341094,
    -3726.762979959432,
    -3222.9515807348575,
    -2722.5733558707097,
    -2653.5314400815337,
    -3433.083279968138,
    -2159.5127393992957,
    -2133.3979950025814,
    -2130.0358267390957,
    -3366.4208773700734,
    -3056.5755592921855,
    -2322.571857666388,
    -1974.9991621267295,
    -2836.33116414224,
    -1899.3198085834717,
    -1550.875044565543,
    -1472.750098908179,
    -1480.83810340079,
    -1288.4835844987047,
    -1661.597310333994,
    -1343.782366078863,
    -1251.5311461853018,
    -1540.454513041354,
    -1080.590345997998,
    -1156.687887994335,
    -1366.4584830610625,
    -1364.3650190436686,
    -1629.7944838937015,
    -1071.3995415180655,
    -908.0966673332156,
    -948.4394389918557,
    -936.92910623772,
    -935.8007403779824,
    -846.4367715882706,
    -863.0865655713499,
    -883.4194041321239,
    -942.1665210253914,
    -795.2375867161287,
    -831.1473881475277,
    -798.4718538239006,
    -837.8491804246656,
    -801.2068261841677,
    -859.0743616541582,
    -790.8390162469472,
    -807.0834528926414,
    -802.0629053575494,
    -842.0374013758118,
    -677.0143381917673,
    -729.9670299781317,
    -786.2335245348872,
    -781.5124014946379,
    -770.4949608817739,
    -797.0829857324804,
    -743.2378800208003,
    -739.0211826300412,
    -777.043459426429,
    -780.7438769319426,
    -814.8549928028486,
    -717.8048015729614,
    -756.7971310450904,
    -669.9993332373203,
    -669.144149858468,
    -687.8578796144907,
    -707.7397315628816,
    -725.0833197304192,
    -717.6612256916447,
    -763.6070788518676,
    -702.7155968035867,
    -693.9314281219439,
    -674.6093999059851,
    -695.3236390463659,
    -687.0048923483146,
    -663.294115047858,
    -687.2002102354173,
    -711.4321663658793,
    -698.2980212005252,
    -659.1087234839192,
    -698.5715968827398,
    -675.7333015099739,
    -657.2827162871606,
    -642.156638286954,
    -667.1142445179554,
    -660.8442866445967,
    -638.8486289986529,
    -707.5452787207677,
    -618.9145606859228
  ],
  "lengths": [
    1800,
    1800,
    1800,
    1800,
    1800,
    1800,
    1800,
    1800,
    1800,
    1800,
    1800,
    1800,
    1800,
    1800,
    1800,
    1800,
    1800,
    1800,
    1800,
    1800,
    1800,
    1800,
    1800,
    1800,
    1800,
    1800,
    1800,
    1800,
    1800,
    1800,
    1800,
    1800,
    1800,
    1800,
    1800,
    1800,
    1800,
    1800,
    1800,
    1800,
    1800,
    1800,
    1800,
    1800,
    1800,
    1800,
    1800,
    1800,
    1800,
    1800,
    1800,
    1800,
    1800,
    1800,
    1800,
    1800,
    1800,
    1800,
    1800,
    1800,
    1800,
    1800,
    1800,
    1800,
    1800,
    1800,
    1800,
    1800,
    1800,
    1800,
    1800,
    1800,
    1800,
    1800,
    1800,
    1800,
    1800,
    1800,
    1800,
    1800,
    1800,
    1800,
    1800,
    1800,
    1800,
    1800,
    1800,
    1800,
    1800,
    1800,
    1800,
    1800,
    1800,
    1800,
    1800,
    1800,
    1800,
    1800,
    1800,
    1800
  ],
  "losses": [
    4.496703277950486,
    6.651736823452843,
    5.368012488484383,
    4.051690129107899,
    4.6078836027118895,
    5.914404071966807,
    6.59517452372445,
    5.1719696515136295,
    5.138904310994678,
    4.71819702161683,
    4.460185531112883,
    4.562953934073448,
    4.222270457810826,
    4.380777902669377,
    4.824808814658059,
    4.698341076042917,
    4.836701308025254,
    4.494136525657442,
    4.133869300749566,
    4.263812888860702,
    4.31155048833953,
    4.0216555390755335,
    3.8034214695294697,
    4.027828335563342,
    4.150418942040868,
    3.7562662784920797,
    3.8634693183501563,
    3.6881695985131793,
    3.559885305762291,
    3.441947240697013,
    3.4063111531734465,
    3.0902177699075803,
    2.9509279589851696,
    2.5919256508681507,
    2.546671269966496,
    2.3556525513529776,
    2.1677902352147633,
    1.9801487490534782,
    1.8746350155936347,
    1.7461176659663518,
    1.6547105571627616,
    1.5854030593732993,
    1.4832537147402762,
    1.3573961189720365,
    1.2213659042285547,
    1.0934617509444555,
    1.055594275229507,
    0.9585365605851014,
    0.8270548053748078,
    0.7689986855702268,
    0.7262050663762623,
    0.6739307540406784,
    0.595770076016585,
    0.5566322487675481,
    0.5274099919282728,
    0.4850368586430947,
    0.4465459018614557,
    0.41918302641974553,
    0.39084517484323844,
    0.37148306575914225,
    0.36908014729619026,
    0.3427795490084423,
    0.3236551946070459,
    0.3209178084010879,
    0.30639277609272136,
    0.3053041119790739,
    0.29553317817548913,
    0.28224104857693116,
    0.2709351780058609,
    0.2587355801421735,
    0.24369181238942675,
    0.2400475833316644,
    0.23032410471389692,
    0.22158484432018466,
    0.21611570234100025,
    0.21516554705798627,
    0.2088632698605458,
    0.19971951659354897,
    0.19443038762650555,
    0.195581397894356,
    0.19371423169556592,
    0.19404193827261526,
    0.19066977215102976,
    0.1843085134608878,
    0.17989316730656557,
    0.1737387109754814,
    0.1718591749212808,
    0.16865322245077954,
    0.16485405484421387,
    0.16317731919387976,
    0.16650572220898338,
    0.16885677746807534,
    0.15927344718741046,
    0.15833312325179577,
    0.15589286810408035,
    0.1550150968072315,
    0.15991052365551392,
    0.14992090309038758,
    0.1505349723353154,
    0.15018846850428316
  ],
  "epsilon": {
    "J1_center": 0.16534865092353956,
    "J2_center": 0.16534865092353956
  },
  "timestamp": "2025-12-29T02:04:19.020346"
}