{
  "episode": 25,
  "rewards": [
    -11.338411489264884,
    -1.986495272188439,
    -29.82000698394332,
    -34.547700148692535,
    -5.8069297252618,
    -20.061760599301653,
    -13.548047875763721,
    -18.016055830828662,
    -14.216680319953834,
    -2.473563064926484,
    -13.349392357774432,
    -9.452482609511526,
    -1.4182200441289152,
    -0.34263465975534196,
    -0.4102218452546974,
    -18.414032898858597,
    -181.56190862073828,
    -3.766231573940746,
    -14.683162863300769,
    -18.282890750593094,
    -20.303213622040406,
    -0.009815074594075254,
    -20.977930628018758,
    -19.39965728068082,
    -7.113328868327181
  ],
  "lengths": [
    3600,
    3600,
    3600,
    3600,
    3600,
    3600,
    3600,
    3600,
    3600,
    3600,
    3600,
    3600,
    3600,
    3600,
    3600,
    3600,
    3600,
    3600,
    3600,
    3600,
    3600,
    3600,
    3600,
    3600,
    3600
  ],
  "losses": [
    0.0010723839411159336,
    0.0006689273030092914,
    0.002149909416346216,
    0.004742290899707263,
    0.006471249573708823,
    0.005977596523621793,
    0.0034817406873399806,
    0.0011304704921915093,
    0.0007647910851462964,
    0.0006780937194000419,
    0.0006565834735031078,
    0.0007120623024174064,
    0.0007271935724869157,
    0.0007313396413095082,
    0.0006902015628656954,
    0.0007099796671900548,
    0.0010749598699355072,
    0.0013869935092002885,
    0.0014100765243650433,
    0.0013211297435918824,
    0.0013791978061757013,
    0.001522041071057174,
    0.001609795129039008,
    0.001485772213196065,
    0.002001803611583455
  ],
  "timestamp": "2025-12-27T20:07:16.819345"
}