{
  "episode": 5,
  "rewards": [
    -1322.413593061815,
    -1071.6060695303754,
    -1146.238141555208,
    -919.8167069480373,
    -1236.4940750585054
  ],
  "lengths": [
    3600,
    3600,
    3600,
    3600,
    3600
  ],
  "losses": [
    0.12442240841331012,
    0.3870457058948361,
    0.3698951232143574,
    0.3351675852305359,
    0.31963132249812287
  ],
  "timestamp": "2025-12-27T17:32:38.822540"
}