{
  "episode": 20,
  "rewards": [
    1705.9805148154928,
    1694.025795349385,
    1696.124096729725,
    1689.6762298851747,
    1693.5340087889135,
    1691.4291081929337,
    1696.9395348447506,
    1688.7558048319804,
    1689.8941320609465,
    1687.8641642763696,
    1683.6503618952624,
    1678.6333092003588,
    1675.0703257452212,
    1676.2761206580105,
    1689.0452886915411,
    1680.2525327382455,
    1673.5926489668361,
    1672.582192348957,
    1674.7397732281352,
    1677.2938200718247
  ],
  "lengths": [
    1800,
    1800,
    1800,
    1800,
    1800,
    1800,
    1800,
    1800,
    1800,
    1800,
    1800,
    1800,
    1800,
    1800,
    1800,
    1800,
    1800,
    1800,
    1800,
    1800
  ],
  "losses": [
    1.7722580676608615,
    2.5495767462915846,
    3.554354317188263,
    4.2850193552176155,
    3.3735649278759956,
    1.4210399551689625,
    1.2420984014372032,
    1.318122252954377,
    1.1828025347491105,
    1.1399505445692275,
    1.1696833647870355,
    1.053669013844596,
    1.0511829644689958,
    1.1787851847873794,
    0.9707445318748553,
    0.8479905364414057,
    0.813775409426954,
    0.6714197798445821,
    0.6238566344852249,
    0.6184883985585636
  ],
  "epsilon": {
    "J1_center": 0.6978913841278123,
    "J2_center": 0.6978913841278123
  },
  "timestamp": "2025-12-28T11:59:42.815684"
}