{
  "episode": 20,
  "rewards": [
    -76.04952899989915,
    -66.33934237181052,
    -90.7141463390662,
    -67.36658962210096,
    -69.31449260107969,
    -98.41244345027442,
    -102.00198065456111,
    -87.70823268737902,
    -73.5842060114094,
    -94.41136463351336,
    -61.79532311740503,
    -118.39315578539156,
    -97.30412815962967,
    -75.00366535309016,
    -89.62665967992939,
    -55.77072580793815,
    -985.4211776575213,
    -72.76244803382632,
    -104.06727062409766,
    -93.91370799704416
  ],
  "lengths": [
    3600,
    3600,
    3600,
    3600,
    3600,
    3600,
    3600,
    3600,
    3600,
    3600,
    3600,
    3600,
    3600,
    3600,
    3600,
    3600,
    3600,
    3600,
    3600,
    3600
  ],
  "losses": [
    0.001099739236799198,
    0.0005030261373435173,
    0.0009519518205747267,
    0.0019449557113370652,
    0.0021274033020543155,
    0.0022581318172403067,
    0.0028577049611825107,
    0.0031272675536658627,
    0.0031927623279100065,
    0.003223153846475826,
    0.0032976691663053415,
    0.0034795012192585595,
    0.0036773349787957463,
    0.00367585496183488,
    0.003602686318101607,
    0.0035992831999060904,
    0.011896991943318022,
    0.010119309226833543,
    0.008660850485361556,
    0.007746389384256974
  ],
  "timestamp": "2025-12-27T15:27:07.975842"
}