{
  "episode": 5,
  "rewards": [
    -918.0237794568335,
    -1331.4576073019348,
    -529.6115296156187,
    -500.4738632356472,
    -490.2785811392445
  ],
  "lengths": [
    3600,
    3600,
    3600,
    3600,
    3600
  ],
  "losses": [
    0.8490190290917073,
    0.9399398191086948,
    0.35006559488777483,
    0.28252233433123264,
    0.27448492953553794
  ],
  "timestamp": "2025-12-27T19:15:37.261790"
}