{
  "episode": 10,
  "rewards": [
    -918.0237794568335,
    -1331.4576073019348,
    -529.6115296156187,
    -500.4738632356472,
    -490.2785811392445,
    -593.0596965457314,
    -647.8047183400812,
    -465.1842047250494,
    -413.0196197027783,
    -463.9299317644113
  ],
  "lengths": [
    3600,
    3600,
    3600,
    3600,
    3600,
    3600,
    3600,
    3600,
    3600,
    3600
  ],
  "losses": [
    0.8490190290917073,
    0.9399398191086948,
    0.35006559488777483,
    0.28252233433123264,
    0.27448492953553794,
    0.299985662009567,
    0.3302891231390337,
    0.35607838151562543,
    0.4316211755553053,
    0.545749933551997
  ],
  "timestamp": "2025-12-27T19:19:35.874952"
}