{
  "episode": 90,
  "rewards": [
    -5928.771130364594,
    -6399.639173735454,
    -6272.042930897328,
    -6345.912756800141,
    -7370.518094878289,
    -5711.931303067105,
    -4833.96756333978,
    -4132.619167456444,
    -3363.8655207421953,
    -4205.838619116693,
    -4756.94748104445,
    -4081.7438478173326,
    -3851.0034520000463,
    -5593.021753970758,
    -4200.706859825733,
    -5506.448888077038,
    -3405.6989615934244,
    -4005.7186420196085,
    -2575.2916046608025,
    -2950.2305756249825,
    -2444.085112778962,
    -3174.1343002647222,
    -2414.609784331726,
    -2068.8406101125292,
    -1820.865640110177,
    -3034.036877154083,
    -2289.026333631331,
    -1777.708865554966,
    -1746.6127375620706,
    -2994.7628750796816,
    -2151.608854986061,
    -1760.9665228415452,
    -1715.543209538139,
    -1540.3765836325588,
    -1436.864003492864,
    -1467.8883639459186,
    -1486.1269577157732,
    -1295.502389425759,
    -1822.0282721117546,
    -1152.297208495206,
    -1460.0359743827387,
    -1922.6321095271053,
    -849.867557432752,
    -769.7406622627434,
    -835.9594294959021,
    -741.3961182700531,
    -647.6436128397861,
    -647.99640004958,
    -703.1024016909633,
    -662.3194039569167,
    -738.930326403536,
    -665.8807768124892,
    -718.0716886491774,
    -649.2685817097727,
    -619.9242666592612,
    -600.6424102131999,
    -579.9392445293124,
    -550.8665699132691,
    -548.4762632995375,
    -600.819162301353,
    -547.0492365263306,
    -578.8084791840502,
    -573.1488294449448,
    -604.3409157904313,
    -527.6179510129246,
    -560.9284448819087,
    -649.3557957868419,
    -580.6861685466109,
    -572.9809921884388,
    -561.590142152412,
    -590.7493858601351,
    -507.47017347285777,
    -518.0968601971483,
    -569.1835070317379,
    -467.9962872241261,
    -465.17338953192615,
    -538.4612816163461,
    -499.30276581168255,
    -473.9279094478294,
    -530.0084160569686,
    -453.68974931001424,
    -480.75310229869365,
    -472.1851269945465,
    -460.918400517929,
    -489.1723141471966,
    -533.2420164962548,
    -467.73778353180717,
    -472.5477888828802,
    -462.47418847647646,
    -468.7151080781157
  ],
  "lengths": [
    1800,
    1800,
    1800,
    1800,
    1800,
    1800,
    1800,
    1800,
    1800,
    1800,
    1800,
    1800,
    1800,
    1800,
    1800,
    1800,
    1800,
    1800,
    1800,
    1800,
    1800,
    1800,
    1800,
    1800,
    1800,
    1800,
    1800,
    1800,
    1800,
    1800,
    1800,
    1800,
    1800,
    1800,
    1800,
    1800,
    1800,
    1800,
    1800,
    1800,
    1800,
    1800,
    1800,
    1800,
    1800,
    1800,
    1800,
    1800,
    1800,
    1800,
    1800,
    1800,
    1800,
    1800,
    1800,
    1800,
    1800,
    1800,
    1800,
    1800,
    1800,
    1800,
    1800,
    1800,
    1800,
    1800,
    1800,
    1800,
    1800,
    1800,
    1800,
    1800,
    1800,
    1800,
    1800,
    1800,
    1800,
    1800,
    1800,
    1800,
    1800,
    1800,
    1800,
    1800,
    1800,
    1800,
    1800,
    1800,
    1800,
    1800
  ],
  "losses": [
    8.011743979749994,
    10.23982633723153,
    9.723077173497941,
    7.85183120224211,
    6.543997020191616,
    5.855448641445902,
    6.729258643521203,
    7.743649222056071,
    6.540107591019736,
    5.657615382803811,
    4.77208787355158,
    4.799603262212542,
    4.821657197674115,
    4.5877771475580005,
    5.176120035780801,
    5.485827142265108,
    6.215009619792302,
    5.7018251350853175,
    5.463354359534051,
    5.553944519228406,
    5.449085201091236,
    5.060723805891143,
    4.830718599624104,
    4.590794463720586,
    4.764214918216069,
    4.436915701693959,
    4.355525892972946,
    4.273289423121346,
    4.2181426292657855,
    4.044766243100167,
    3.821711248623,
    3.674645817975203,
    3.417689052687751,
    3.421568869451682,
    3.1433283336957296,
    2.623664510117637,
    2.657206449574894,
    2.3831908856829007,
    2.383913944992754,
    2.0576336968276236,
    1.9989863744709226,
    1.8541951589783032,
    1.702105181713899,
    1.5516763702697225,
    1.3862998364203507,
    1.250524140563276,
    1.0993294255601036,
    0.9981674576799074,
    0.903151634476251,
    0.8257071086184846,
    0.7569688469502661,
    0.7045586479041311,
    0.6853238915238116,
    0.652968452249964,
    0.5769165354222059,
    0.5450285420152876,
    0.5246581584960223,
    0.494755986912383,
    0.4441000551192297,
    0.40220066161619294,
    0.37954059030860665,
    0.3763065392151475,
    0.35123712415082586,
    0.33404071292943427,
    0.30895658361828987,
    0.30731210263652936,
    0.2747238458072146,
    0.26634054679837493,
    0.2538535229944521,
    0.23412060445381536,
    0.2081971000176337,
    0.19934814103775556,
    0.19375130695601303,
    0.18627053615533642,
    0.18177250497664013,
    0.17712624242736233,
    0.17364878069402442,
    0.16985781881130405,
    0.16991983295107882,
    0.1656289802553753,
    0.1634739608897103,
    0.1637022689005567,
    0.1553481688992017,
    0.15488615628124938,
    0.15035161707757247,
    0.15175558015704155,
    0.1512146196059055,
    0.15187281864177848,
    0.14616022318187688,
    0.1476549500102798
  ],
  "epsilon": {
    "J1_center": 0.19795845401798393,
    "J2_center": 0.19795845401798393
  },
  "timestamp": "2025-12-28T13:59:21.224245"
}