{
  "episode": 40,
  "rewards": [
    1689.5525271690324,
    1696.7761067714227,
    1701.5794300826694,
    1695.9052368004013,
    1705.0283417674916,
    1693.845156843403,
    1693.1703459272412,
    1676.0247603266102,
    1688.1405795780731,
    1684.4590177363173,
    1682.5112546168978,
    1672.9782624514532,
    1677.6949784028432,
    1675.8823572546492,
    1669.3287159892657,
    1672.9491297749898,
    1673.8947778797622,
    1669.7735815981105,
    1680.64189584451,
    1689.4285069057366,
    1688.8656603408635,
    1685.3991658338812,
    1686.3484861717461,
    1691.5796713994391,
    1681.7643970682304,
    1686.667558435635,
    1692.1981484561522,
    1692.1071934478528,
    1691.543109197698,
    1697.3068193247655,
    1684.1509057032613,
    1693.9692210606602,
    1696.5092549723527,
    1692.8755805956987,
    1675.095673239356,
    1686.984523723862,
    1659.8811586841139,
    1671.6162829313485,
    1679.5530192020415,
    1663.5445213359608
  ],
  "lengths": [
    1800,
    1800,
    1800,
    1800,
    1800,
    1800,
    1800,
    1800,
    1800,
    1800,
    1800,
    1800,
    1800,
    1800,
    1800,
    1800,
    1800,
    1800,
    1800,
    1800,
    1800,
    1800,
    1800,
    1800,
    1800,
    1800,
    1800,
    1800,
    1800,
    1800,
    1800,
    1800,
    1800,
    1800,
    1800,
    1800,
    1800,
    1800,
    1800,
    1800
  ],
  "losses": [
    1.3340423554844327,
    1.4283652489052878,
    1.4039458106623754,
    1.3828741462694274,
    1.4393413671023316,
    1.5289800872902075,
    1.5328259723054038,
    1.5124922244416343,
    1.4083703911966747,
    1.3356714585589038,
    1.2115002505646812,
    1.095192717992597,
    0.9874867324117157,
    0.8235616863436169,
    0.8565014074246089,
    0.6408697623800901,
    0.557219099820488,
    0.5302328210406834,
    0.4835994617434012,
    0.48059715623656907,
    0.44146629670841825,
    0.4177702862645189,
    0.3352321682891084,
    0.3905353187003897,
    0.30455822816015116,
    0.308546568899312,
    0.3022972060739994,
    0.2855170827700446,
    0.26142209713864656,
    0.23982159729891767,
    0.2823456270589183,
    0.2223935391836696,
    0.18392634342941974,
    0.2484457087630613,
    0.22280389485725513,
    0.20383358669984672,
    0.30733550607019827,
    0.134720427723498,
    0.2251485447999504,
    0.13875266968686548
  ],
  "epsilon": {
    "J1_center": 0.4869014204465285,
    "J2_center": 0.4869014204465285
  },
  "timestamp": "2025-12-28T13:12:23.782881"
}