{
  "episode": 50,
  "rewards": [
    -97.31720375954391,
    -94.29903353158659,
    -181.2658027835939,
    -109.57390172318986,
    -65.56023117219625,
    -66.91069295137486,
    -62.83208487689648,
    -48.037458357994744,
    -49.151615827068895,
    -50.37934980293487,
    -47.39434825086104,
    -48.93953333572271,
    -44.188296998629674,
    -48.892924655310956,
    -48.26481559437945,
    -98.34639192370044,
    -53.0904837469133,
    -59.92364243418041,
    -47.903677734633185,
    -89.0187918120555,
    -58.00166113295124,
    -52.56432325845224,
    -45.59804750675041,
    -70.48449051984828,
    -71.46151492657823,
    -54.76152623062917,
    -317.7980340940965,
    -77.66267234774155,
    -35.32014741521056,
    -57.68982355555561,
    -45.441992263460584,
    -52.75685129311974,
    -62.27700471615026,
    -100.57023335415197,
    -55.57477295555538,
    -54.01235488080105,
    -57.20114828234607,
    -52.0737071532332,
    -75.55067397534998,
    -54.76177935186747,
    -76.29365515028994,
    -104.69332281526702,
    -66.66062905108043,
    -77.7343888329416,
    -77.64028481568363,
    -84.84103768770872,
    -53.943693996728655,
    -97.51748797515032,
    -61.69199542024378,
    -79.32827932886816
  ],
  "lengths": [
    3600,
    3600,
    3600,
    3600,
    3600,
    3600,
    3600,
    3600,
    3600,
    3600,
    3600,
    3600,
    3600,
    3600,
    3600,
    3600,
    3600,
    3600,
    3600,
    3600,
    3600,
    3600,
    3600,
    3600,
    3600,
    3600,
    3600,
    3600,
    3600,
    3600,
    3600,
    3600,
    3600,
    3600,
    3600,
    3600,
    3600,
    3600,
    3600,
    3600,
    3600,
    3600,
    3600,
    3600,
    3600,
    3600,
    3600,
    3600,
    3600,
    3600
  ],
  "losses": [
    0.0024970693847899384,
    0.0010876639853571153,
    0.001776801270316355,
    0.002146424487323707,
    0.0028738245465016613,
    0.002794529575839988,
    0.002575326826861581,
    0.0022322815614542278,
    0.0020243560061984074,
    0.001770010598007098,
    0.0016710762101825418,
    0.0015511034296165841,
    0.0014928809850769337,
    0.0013797717141318976,
    0.0012942900378564244,
    0.0013997424112433994,
    0.0014750776325652421,
    0.001435350429496288,
    0.0014738417179715826,
    0.0015630396585685148,
    0.0016703648956071346,
    0.0016871873648900268,
    0.0016572618221673313,
    0.0016419930586926057,
    0.0016445719796926521,
    0.0016591805131692026,
    0.001966666616689407,
    0.0022202917512186104,
    0.0019891052057856642,
    0.0019338277363850566,
    0.0018292700594105958,
    0.0017710778535304902,
    0.0017206407475492192,
    0.0017511466591410378,
    0.001810000464326246,
    0.0018095497565910692,
    0.0018223399761942952,
    0.001830235510705178,
    0.0018219572548494195,
    0.0018051967948203027,
    0.001861685275095321,
    0.0018751027696069084,
    0.0019937020720074846,
    0.0019750635242113883,
    0.0019742651094849053,
    0.0020329466658060686,
    0.00209391387578661,
    0.002120694673277386,
    0.0020978561335101,
    0.0021887872915370586
  ],
  "timestamp": "2025-12-27T17:04:07.603271"
}