{
  "episode": 25,
  "rewards": [
    -173.64523863389994,
    -0.2197657596217672,
    -6.13193753521789,
    -46.67837943471566,
    -136.82106099282282,
    -300.0676635639562,
    -151.97945090275522,
    -14.281598720076822,
    -11.322565356589998,
    -16.986086678974722,
    -6.265473236152246,
    -1.4556012171005237,
    -7.341628682183585,
    -26.246765212722362,
    -4.314367605648457,
    -22.37126560438561,
    -13.177462287302696,
    -6.192900579527257,
    -0.28700854392101605,
    -8.46720791252132,
    -0.046100910387151445,
    -0.09512727031573648,
    -5.995255858347749,
    -7.808285536400104,
    -15.36090493903874
  ],
  "lengths": [
    3600,
    3600,
    3600,
    3600,
    3600,
    3600,
    3600,
    3600,
    3600,
    3600,
    3600,
    3600,
    3600,
    3600,
    3600,
    3600,
    3600,
    3600,
    3600,
    3600,
    3600,
    3600,
    3600,
    3600,
    3600
  ],
  "losses": [
    0.02869500059246396,
    0.012247420011844952,
    0.01834840563762959,
    0.035892248059648815,
    0.0520066568254131,
    0.06543449863506895,
    0.07770555654307827,
    0.07262231609292535,
    0.07341646762655324,
    0.0786680400398715,
    0.07309848155108435,
    0.07996605355156741,
    0.08939382090595448,
    0.08438490936652265,
    0.04019705755299785,
    0.009366298132711866,
    0.008280631422595535,
    0.005638085574577821,
    0.004621468851837562,
    0.0031623766202634822,
    0.0018981271368991453,
    0.0013046003686354702,
    0.0012505443390788665,
    0.0012164301734002138,
    0.0010808051916400372
  ],
  "epsilon": {
    "J1_center": 0.1,
    "J2_center": 0.1
  },
  "timestamp": "2025-12-27T22:48:13.681493"
}