{
  "episode": 20,
  "rewards": [
    -6430.479302974823,
    -9762.435309336619,
    -8477.291318845379,
    -7785.749586827681,
    -6471.998197114516,
    -7730.1100818563045,
    -8276.057503282087,
    -8919.398251441642,
    -8950.001384002408,
    -11534.121930177143,
    -7937.622994185212,
    -9827.769393830484,
    -29741.27503586453,
    -12284.233816594138,
    -8671.869612937857,
    -9868.032265430018,
    -12676.833230702268,
    -10514.874514470423,
    -8833.210951364454,
    -7252.0109862568615
  ],
  "lengths": [
    3600,
    3600,
    3600,
    3600,
    3600,
    3600,
    3600,
    3600,
    3600,
    3600,
    3600,
    3600,
    3600,
    3600,
    3600,
    3600,
    3600,
    3600,
    3600,
    3600
  ],
  "losses": [
    2.376901027490579,
    14.206346940265762,
    61.863563796083135,
    174.4796505837308,
    250.61601137899692,
    283.97169736918477,
    310.56428486539255,
    304.69830670340195,
    289.5598374306824,
    357.00790254397526,
    371.975285331342,
    357.3478747235735,
    367.19956666353676,
    485.406059175796,
    1338.1646358409193,
    2338.321064975394,
    2647.001590933469,
    3520.8291540385617,
    3547.406198424829,
    2508.1146465790935
  ],
  "timestamp": "2025-12-27T13:49:53.800596"
}